start,end,text
0.0,0.72,ンン…
8.52,9.92,画質わるw
11.040000000000001,12.84,なんだこの画質は
16.4,18.14,この画質なんだよこれ
19.46,20.080000000000002,えー
20.080000000000002,20.6,あっ
